job_role,description
Data Scientist,Analyzes data using statistics and machine learning to build predictive models and derive insights.
Software Engineer,"Develops, tests, and maintains software applications using programming languages."
AI Researcher,Researches and implements artificial intelligence models like deep learning and reinforcement learning.
Web Developer,Builds and maintains websites and web applications using frontend and backend technologies.
Cybersecurity Analyst,Protects systems and networks from cyber threats by monitoring and responding to security incidents.
Cloud Engineer,"Designs, deploys, and manages cloud infrastructure using platforms like AWS, Azure, or GCP."
DevOps Engineer,"Manages CI/CD pipelines, automates deployments, and monitors infrastructure health."
Business Analyst,"Analyzes business needs, gathers requirements, and helps align tech solutions with goals."
Data Engineer,Builds and manages data pipelines and infrastructure for efficient data processing.
NLP Engineer,Builds models that understand and process human language using NLP libraries.
